<?xml version="1.0" encoding="UTF-8" ?>
<!DOCTYPE log4j:configuration PUBLIC
        "-//APACHE//DTD LOG4J 1.2//EN"
        "http://logging.apache.org/log4j/1.2/apidocs/org/apache/log4j/xml/doc-files/log4j.dtd">
<log4j:configuration debug="false">
	<appender name="ConsoleAppender" class="org.apache.log4j.ConsoleAppender">
		<param name="Encoding" value="utf-8" />
		<layout class="org.apache.log4j.PatternLayout">
			<param name="ConversionPattern" value="%d{yyyy-MM-dd HH:mm:ss} - %m%n" />
		</layout>
	</appender>
	<appender name="FileAppender" class="org.apache.log4j.DailyRollingFileAppender">
		<param name="File" value="log.txt" />
		<param name="Append" value="true" />
		<param name="DatePattern" value="'-'yyyy-MM-dd" />
		<param name="Encoding" value="utf-8" />
		<layout class="org.apache.log4j.PatternLayout">
			<param name="ConversionPattern" value="%d{yyyy-MM-dd HH:mm:ss} - %m%n" /> <!--  %-5p %c{1}:%L  %c{1}:%L  -->
		</layout>
	</appender>
	<root>
		<priority value="INFO" />
		<!-->appender-ref ref="ConsoleAppender" /-->
		<appender-ref ref="FileAppender" />
	</root>
</log4j:configuration>